id;name;address;servicephone;sparepartphone;bodypaint;generalphone;fax;email;description;lmu;lmd;vatregnumber;tinnumber;accountcode;accountid
1;atrium;afore;instead yowza carpenter;expert phew;lest;hourly;verbally without;Tom.Shanahan82@yahoo.com;hm geez selfishly;31050;2024-10-03T21:41:55;circa despite;joey pfft;for handy;28974
2;mid odyssey unwilling;muted uh-huh;ew;onto joyously physically;finally glittering fiercely;barring ick;owl repeatedly simple;Otilia_Rippin18@yahoo.com;harrow brr as;709;2024-10-03T16:21:27;eek woot besides;underneath zowie circa;hmph;6446
3;stockpile below;as;under meanwhile;uplift yearningly;blond mechanically;confirmation;meanwhile;Orrin92@gmail.com;boot a;13500;2024-10-03T22:52:53;signify ferociously confused;error the;reproachfully passive chub;23155
4;institutionalize combat;merchandise lender disagree;con ringed firm;validate;fooey;tussle chard chromakey;minty;Iva_Kuhic34@yahoo.com;worth gosh afterwards;26186;2024-10-03T18:02:55;blissfully;braai woot geld;meaningfully;456
5;mundane;nor;outgoing;nor;blot revolver chrome;from ouch attainment;duh anchored;Santa.McLaughlin14@hotmail.com;shoddy overlie;14768;2024-10-04T09:49:17;terribly healthily fraternise;aggravating;redistribute;16438
6;appeal;worthwhile;barring;although digital;analytics elated;pro swindle apud;broadly supposing of;Madison.Swift68@gmail.com;yahoo;9840;2024-10-03T13:40:27;aw razor;sadden;kit well meanwhile;28717
7;aha now;sicken watch;skunk rarely;deliberately standardise ah;extra-large;nervously sedately;jealously;Ezequiel1@yahoo.com;um deracinate;13290;2024-10-04T11:41:40;leverage curate;whoever administer distorted;pedestrianize thunderous whose;26967
8;gorge conditioner testy;overlooked;ghost;butterfly step-son respectful;quickly;stark whenever;though wherever wherever;General.Erdman59@hotmail.com;meh snivel;22185;2024-10-03T18:18:40;ragged;unselfish make;modernise poorly gleefully;9910
9;mess;ugh yuck;loll;tingle;without ouch provided;yippee;bowler alongside freely;Alexandrine44@gmail.com;busk verification;20433;2024-10-04T03:46:13;worthwhile loiter;recline patiently bear;tomorrow meanwhile;3876
10;phooey;putrid;cheese drench;for sepal boohoo;brr whether frankly;ick;until yuck;Clotilde96@hotmail.com;lamb tag;16173;2024-10-03T18:22:45;finally unwieldy vastly;beautifully;across troubled;26345
