id;hoistname;hoistcode;hoisttypeid;hoisttypename;lmu;lmd
1;yet modulo;wiggly ultimately;17274;return meanwhile;1078;2024-10-20T10:21:21
2;sans;excitedly fruitful entwine;14183;till courageous unlike;20293;2024-10-20T10:05:04
3;stained ultimate;hyacinth pause;26976;never ha;7463;2024-10-20T13:39:54
4;mmm silent;prize beautifully;31497;sweatsuit via do;2675;2024-10-21T06:25:02
5;alongside finally med;fairly;9191;enchant indeed sans;25999;2024-10-20T19:47:27
6;whoever;blackbird quibble;18260;haunting motion an;17311;2024-10-20T11:47:15
7;fatally abridge testify;comic woefully hmph;28455;measly aboard where;2914;2024-10-20T22:39:39
8;whether unfinished;mostly save steep;9272;blah lest aha;24127;2024-10-20T10:12:38
9;everlasting oof;considering;27504;concerning recklessly;2906;2024-10-21T01:58:40
10;instead per;vaguely rigidly;8729;variable revivify;17199;2024-10-21T02:13:32
