id;code;name;description;lmu;lmd
1;besmirch woot forgive;awkwardly because portray;cohabit absent geez;32011;2024-10-02T20:30:49
2;enchanted longingly;whose voluntarily;noisily gratefully culminate;8261;2024-10-02T11:08:59
3;upset under including;amid;grotesque apropos;3192;2024-10-03T02:56:55
4;pfft eleventh;grand;whoever ugh ah;32762;2024-10-03T04:30:57
5;modulo partner;celebrated pish;fooey chastity aw;9224;2024-10-03T02:55:40
6;midst text via;oh keyboard;gorge;5057;2024-10-03T01:24:35
7;lumpy near;gladden;second-hand towards breadfruit;1849;2024-10-03T01:12:35
8;scaffold grown;clone premiere zero;when;3007;2024-10-02T20:13:16
9;sternly;rasterize;unless trample;16506;2024-10-02T16:06:19
10;psst;blah pish till;glorious;2562;2024-10-02T10:47:20
