id;workshopwork;workshopworkdescription;isactive;lmd;lmu
1;of within;yowza;true;2024-08-22T11:18:36;21177
2;dramatize before;rash;true;2024-08-23T10:54:59;27925
3;fumigate seriously hmph;gregarious;true;2024-08-23T08:13:35;11216
4;er;radiant mmm;true;2024-08-23T08:59:15;13201
5;gently amongst;reassess dwarf passionate;false;2024-08-23T01:06:25;26482
6;clearly;woot bulldoze since;false;2024-08-22T14:07:05;5311
7;poorly evergreen;regarding perch plus;true;2024-08-22T23:06:48;4380
8;since provided sustainment;hunting while;false;2024-08-22T11:57:38;15140
9;humming invention memorialise;briefly;false;2024-08-22T11:35:34;32642
10;clue oh above;drawer mainland hopelessly;true;2024-08-22T16:25:49;3392
